id,name,diet,period,lived_in,type,length,taxonomy,named_by,species,link
1,saltopus,carnivorous,Late Triassic 221-210 million years ago,United Kingdom,small theropod,,Dinosauria,Huene (1910),elginensis,https://www.nhm.ac.uk/discover/dino-directory/saltopus.html
2,riojasaurus,herbivorous/omnivorous,Late Triassic 221-210 million years ago,Argentina,sauropod,5.15m,Dinosauria Saurischia Sauropodomorpha Prosauropoda Anchisauria Melanorosauridae,Bonaparte (1969),incertus,https://www.nhm.ac.uk/discover/dino-directory/riojasaurus.html
3,tsintaosaurus,herbivorous,Late Cretaceous 84-71 million years ago,China,euornithopod,12.0m,Dinosauria Ornithischia Genasauria Cerapoda Ornithopoda Euornithopoda Iguanadontia Euiguanadontia Dryomorpha Ankylopollexia Iguanodontoidea Hadrosauridae Euhadrosauria Lambeosaurinae,Young (1958),spinorhinus,https://www.nhm.ac.uk/discover/dino-directory/tsintaosaurus.html
4,alamosaurus,herbivorous,Late Cretaceous 70-65 million years ago,USA,sauropod,21.0m,Dinosauria Saurischia Sauropodomorpha Sauropoda Eusauropoda Neosauropoda Macronaria Camarasauromorpha Titanosauriformes Titanosauria Lithostrotia,Gilmore (1922),sanjuanensis,https://www.nhm.ac.uk/discover/dino-directory/alamosaurus.html
5,iguanodon,herbivorous,Early Cretaceous 140-110 million years ago,United Kingdom,euornithopod,10.0m,Dinosauria Ornithischia Genasauria Cerapoda Ornithopoda Euornithopoda Iguanadontia Euiguanadontia Dryomorpha Ankylopollexia Iguanodontoidea,Boulenger and van Beneden (1881),bernissartensis,https://www.nhm.ac.uk/discover/dino-directory/iguanodon.html
6,anserimimus,carnivorous,Late Cretaceous 84-65 million years ago,Mongolia,large theropod,3.5m,Dinosauria Saurischia Theropoda Neotheropoda Tetanurae Avetheropoda Coelurosauria Tyrannoraptora Maniraptoriformes Ornithomimosauria Ornithomimidae,Barsbold (1988),planinychus,https://www.nhm.ac.uk/discover/dino-directory/anserimimus.html
7,emausaurus,herbivorous,Mid Jurassic 190-180 million years ago,Germany,armoured dinosaur,2.0m,Dinosauria Ornithischia Genasauria Thyreophora,Haubold (1991),ernsti,https://www.nhm.ac.uk/discover/dino-directory/emausaurus.html
8,struthiomimus,omnivorous,Late Cretaceous 76-74 million years ago,Canada,small theropod,4.0m,Dinosauria Saurischia Theropoda Neotheropoda Tetanurae Avetheropoda Coelurosauria Tyrannoraptora Maniraptoriformes Ornithomimosauria Ornithomimidae,Osborn (1917),altus,https://www.nhm.ac.uk/discover/dino-directory/struthiomimus.html
9,rinchenia,omnivorous,Late Cretaceous 72-68 million years ago,Mongolia,small theropod,2.5m,Dinosauria Saurischia Theropoda Neotheropoda Tetanurae Avetheropoda Coelurosauria Tyrannoraptora Maniraptoriformes Maniraptora Oviraptorosauria Caenagnathoidea Oviraptoridae Oviraptorinae,Barsbold (1986),mongoliensis,https://www.nhm.ac.uk/discover/dino-directory/rinchenia.html
10,nigersaurus,herbivorous,Early Cretaceous 121-99 million years ago,Tunisia,sauropod,15.0m,Dinosauria Saurischia Sauropodomorpha Sauropoda Eusauropoda Neosauropoda Diplodocoidea Rebbachisauridae,Sereno Beck Dutheil Larsson Lyon Moussa Sadleir Sidor Varricchio Wilson &amp; Wilson (1999),taqueti,https://www.nhm.ac.uk/discover/dino-directory/nigersaurus.html
11,othnielia,herbivorous,Late Jurassic 154-142 million years ago,USA,euornithopod,1.4m,Dinosauria Ornithischia Genasauria Cerapoda Ornithopoda Euornithopoda,Marsh (1877),rex,https://www.nhm.ac.uk/discover/dino-directory/othnielia.html
12,gallimimus,omnivorous,Late Cretaceous 74-70 million years ago,Mongolia,large theropod,6.0m,Dinosauria Saurischia Theropoda Neotheropoda Tetanurae Avetheropoda Coelurosauria Tyrannoraptora Maniraptoriformes Ornithomimosauria Ornithomimidae,Osmólska Roniewicz and Barsbold (1972),bullatus,https://www.nhm.ac.uk/discover/dino-directory/gallimimus.html
13,styracosaurus,herbivorous,Late Cretaceous 76-70 million years ago,USA,ceratopsian,5.5m,Dinosauria Ornithischia Genasauria Cerapoda Marginocephalia Ceratopsia Neoceratopsia Coronosauria Ceratopsidae Centrosaurinae,Lambe (1913),albertensis,https://www.nhm.ac.uk/discover/dino-directory/styracosaurus.html
14,indosuchus,carnivorous,Late Cretaceous 71-65 million years ago,India,large theropod,7.0m,Dinosauria Saurischia Theropoda Neotheropoda Ceratosauria Neoceratosauria,Huene and Matley (1933),raptorius,https://www.nhm.ac.uk/discover/dino-directory/indosuchus.html
15,europasaurus,herbivorous,Late Jurassic 154-151 million years ago,Germany,sauropod,6.2m,Dinosauria Saurischia Sauropodomorpha Sauropoda Eusauropoda Neosauropoda Macronaria,Sander Mateus Laven and Knötschke (2006),holgeri,https://www.nhm.ac.uk/discover/dino-directory/europasaurus.html
16,coelophysis,carnivorous,Late Triassic 225-190 million years ago,Zimbabwe,small theropod,2.0m,Dinosauria Saurischia Theropoda Neotheropoda Coelophysoidea Coelophysidae,bauri,,https://www.nhm.ac.uk/discover/dino-directory/coelophysis.html
17,anchiceratops,herbivorous,Late Cretaceous 74-70 million years ago,Canada,ceratopsian,6.0m,Dinosauria Ornithischia Genasauria Cerapoda Marginocephalia Ceratopsia Neoceratopsia Coronosauria Ceratopsidae Chasmosaurinae,Brown (1914),ornatus,https://www.nhm.ac.uk/discover/dino-directory/anchiceratops.html
18,dicraeosaurus,herbivorous,Late Jurassic 150-135 million years ago,Tanzania,sauropod,20.0m,Dinosauria Saurischia Sauropodomorpha Sauropoda Eusauropoda Neosauropoda Diplodocoidea Dicraeosauridae,Janensch (1914),hansemanni,https://www.nhm.ac.uk/discover/dino-directory/dicraeosaurus.html
19,daspletosaurus,carnivorous,Late Cretaceous 76-74 million years ago,Canada,large theropod,9.0m,Dinosauria Saurischia Theropoda Neotheropoda Tetanurae Avetheropoda Coelurosauria Tyrannoraptora Tyrannosauroidea Tyrannosauridae Tyrannosaurinae,Russell (1970),torosus,https://www.nhm.ac.uk/discover/dino-directory/daspletosaurus.html
20,ornithomimus,omnivorous,Late Cretaceous 74-65 million years ago,USA,large theropod,4.0m,Dinosauria Saurischia Theropoda Neotheropoda Tetanurae Avetheropoda Coelurosauria Tyrannoraptora Maniraptoriformes Ornithomimosauria Ornithomimidae,Marsh (1890),velox,https://www.nhm.ac.uk/discover/dino-directory/ornithomimus.html
21,rhoetosaurus,herbivorous,Mid Jurassic 177-169 million years ago,Australia,sauropod,15.0m,Dinosauria Saurischia Sauropodomorpha Sauropoda,Longman (1926),brownei,https://www.nhm.ac.uk/discover/dino-directory/rhoetosaurus.html
22,chinshakiangosaurus,herbivorous,Late Jurassic 159-142 million years ago,China,sauropod,11.0m,Dinosauria Saurischia Sauropodomorpha Sauropoda,Yeh (1975),zhongheensis,https://www.nhm.ac.uk/discover/dino-directory/chinshakiangosaurus.html
23,proceratosaurus,carnivorous,Mid Jurassic 169-164 million years ago,United Kingdom,small theropod,4.1m,Dinosauria Saurischia Theropoda Neotheropoda Tetanurae Avetheropoda Coelurosauria,Woodward (1910),bradleyi,https://www.nhm.ac.uk/discover/dino-directory/proceratosaurus.html
24,sinraptor,carnivorous,Mid Jurassic 169-142 million years ago,China,large theropod,7.6m,Dinosauria Saurischia Theropoda Neotheropoda Tetanurae Avetheropoda Carnosauria Allosauroidea Sinraptoridae,Gao (1992),hepingensis,https://www.nhm.ac.uk/discover/dino-directory/sinraptor.html
25,protohadros,herbivorous,Late Cretaceous 99-94 million years ago,USA,euornithopod,6.0m,Dinosauria Ornithischia Genasauria Cerapoda Ornithopoda Euornithopoda Iguanadontia Euiguanadontia Dryomorpha Ankylopollexia Iguanodontoidea,Head (1998),byrdi,https://www.nhm.ac.uk/discover/dino-directory/protohadros.html
26,neuquenosaurus,herbivorous,Late Cretaceous 71-65 million years ago,Argentina,sauropod,10.0m,Dinosauria Saurischia Sauropodomorpha Sauropoda Eusauropoda Neosauropoda Macronaria Camarasauromorpha Titanosauriformes Titanosauria Lithostrotia Saltasauridae,Lydekker (1893),australis,https://www.nhm.ac.uk/discover/dino-directory/neuquenosaurus.html
27,dryptosaurus,carnivorous,Late Cretaceous 84-65 million years ago,USA,large theropod,6.4m,Dinosauria Saurischia Theropoda Neotheropoda Tetanurae Avetheropoda Coelurosauria Tyrannoraptora Tyrannosauroidea,Cope (1866),aquilunguis,https://www.nhm.ac.uk/discover/dino-directory/dryptosaurus.html
28,bactrosaurus,herbivorous,Late Cretaceous 84-71 million years ago,China,euornithopod,6.0m,Dinosauria Ornithischia Genasauria Cerapoda Ornithopoda Euornithopoda Iguanadontia Euiguanadontia Dryomorpha Ankylopollexia Iguanodontoidea Hadrosauridae,Gilmore (1933),johnsoni,https://www.nhm.ac.uk/discover/dino-directory/bactrosaurus.html
29,borogovia,carnivorous,Late Cretaceous 84-65 million years ago,Mongolia,small theropod,1.5m,Dinosauria Saurischia Theropoda Neotheropoda Tetanurae Avetheropoda Coelurosauria Tyrannoraptora Maniraptoriformes Maniraptora Paraves Eumaniraptoria Troodontidae,Osmólska (1987),gracilicrus,https://www.nhm.ac.uk/discover/dino-directory/borogovia.html
30,dilophosaurus,carnivorous,Early Jurassic 190 million years ago,USA,large theropod,6.0m,Dinosauria Saurischia Theropoda Neotheropoda Dilophosauridae,wetherilli,,https://www.nhm.ac.uk/discover/dino-directory/dilophosaurus.html
31,gasosaurus,carnivorous,Mid Jurassic 170-160 million years ago,China,small theropod,4.0m,Dinosauria Saurischia Theropoda Neotheropoda Tetanurae Avetheropoda,Dong and Tang (1985),constructus,https://www.nhm.ac.uk/discover/dino-directory/gasosaurus.html
32,garudimimus,omnivorous,Late Cretaceous 99-89 million years ago,Mongolia,large theropod,4.7m,Dinosauria Saurischia Theropoda Neotheropoda Tetanurae Avetheropoda Coelurosauria Tyrannoraptora Maniraptoriformes Ornithomimosauria,Barsbold (1981),brevipes,https://www.nhm.ac.uk/discover/dino-directory/garudimimus.html
33,stegosaurus,herbivorous,Late Jurassic 155-145 million years ago,USA,armoured dinosaur,9.0m,Dinosauria Ornithischia Genasauria Thyreophora Stegosauria Stegosauridae Stegosaurinae,Marsh (1877),armatus,https://www.nhm.ac.uk/discover/dino-directory/stegosaurus.html
34,cryolophosaurus,carnivorous,Early Jurassic 170 million years ago,Antarctica,large theropod,8.0m,Dinosauria Saurischia Theropoda Neotheropoda Tetanurae Avetheropoda Carnosauria,Hammer and Hickerson (1994),elliotti,https://www.nhm.ac.uk/discover/dino-directory/cryolophosaurus.html
35,hesperosaurus,herbivorous,Late Jurassic 154-142 million years ago,USA,armoured dinosaur,6.0m,Dinosauria Ornithischia Genasauria Thyreophora Stegosauria Stegosauridae Stegosaurinae,Carpenter Miles and Cloward (2001),mjosi,https://www.nhm.ac.uk/discover/dino-directory/hesperosaurus.html
36,allosaurus,carnivorous,Late Jurassic 156-144 million years ago,USA,large theropod,12.0m,Dinosauria Saurischia Theropoda Neotheropoda Tetanurae Avetheropoda Carnosauria Allosauroidea Allosauridae,Marsh (1877),fragilis,https://www.nhm.ac.uk/discover/dino-directory/allosaurus.html
37,cedarpelta,herbivorous,Early Cretaceous 142-127 million years ago,USA,armoured dinosaur,10.0m,Dinosauria Ornithischia Genasauria Thyreophora Ankylosauromorpha Ankylosauria Ankylosauridae,Carpenter Kirkland Burge and Bird (2001),bilbeyhallorum,https://www.nhm.ac.uk/discover/dino-directory/cedarpelta.html
38,pachyrhinosaurus,herbivorous,Late Cretaceous 76-74 million years ago,Canada,ceratopsian,6.0m,Dinosauria Ornithischia Genasauria Cerapoda Marginocephalia Ceratopsia Neoceratopsia Coronosauria Ceratopsidae Centrosaurinae,Sternberg (1950),canadensis,https://www.nhm.ac.uk/discover/dino-directory/pachyrhinosaurus.html
39,kotasaurus,herbivorous,Early Jurassic 205-180 million years ago,India,sauropod,9.0m,Dinosauria Saurischia Sauropodomorpha Sauropoda,Yadagiri (1988),yamanpalliensis,https://www.nhm.ac.uk/discover/dino-directory/kotasaurus.html
40,amygdalodon,herbivorous,Mid Jurassic 177-169 million years ago,Argentina,sauropod,15.0m,Dinosauria Saurischia Sauropodomorpha Sauropoda Eusauropoda,Cabrera (1947),patagonicus,https://www.nhm.ac.uk/discover/dino-directory/amygdalodon.html
41,neovenator,carnivorous,Early Cretaceous 127-121 million years ago,United Kingdom,large theropod,7.4m,Dinosauria Saurischia Theropoda Neotheropoda Tetanurae Avetheropoda Carnosauria Allosauroidea Carcharodontosauridae,Hutt Martill and Barker (1996),salerii,https://www.nhm.ac.uk/discover/dino-directory/neovenator.html
42,rhabdodon,herbivorous,Late Cretaceous 76-70 million years ago,Spain,euornithopod,4.0m,Dinosauria Ornithischia Genasauria Cerapoda Ornithopoda Euornithopoda Iguanadontia Rhabdodontidae,Matherton (1869),priscus,https://www.nhm.ac.uk/discover/dino-directory/rhabdodon.html
43,cetiosaurus,herbivorous,Mid Jurassic 170-160 million years ago,United Kingdom,sauropod,18.0m,Dinosauria Saurischia Sauropodomorpha Sauropoda Eusauropoda Cetiosauridae,Phillips (1871),oxoniensis,https://www.nhm.ac.uk/discover/dino-directory/cetiosaurus.html
44,segisaurus,carnivorous,Mid Jurassic 195-180 million years ago,USA,small theropod,1.5m,Dinosauria Saurischia Theropoda Neotheropoda Coelophysoidea Coelophysidae,Camp (1936),halli,https://www.nhm.ac.uk/discover/dino-directory/segisaurus.html
45,gilmoreosaurus,herbivorous,Late Cretaceous 76-70 million years ago,China,euornithopod,6.0m,Dinosauria Ornithischia Genasauria Cerapoda Ornithopoda Euornithopoda Iguanadontia Euiguanadontia Dryomorpha Ankylopollexia Iguanodontoidea Hadrosauridae,Brett-Surman (1979),mongoliensis,https://www.nhm.ac.uk/discover/dino-directory/gilmoreosaurus.html
46,maiasaura,herbivorous,Late Cretaceous 80-75 million years ago,USA,euornithopod,9.0m,Dinosauria Ornithischia Genasauria Cerapoda Ornithopoda Euornithopoda Iguanadontia Euiguanadontia Dryomorpha Ankylopollexia Iguanodontoidea Hadrosauridae Euhadrosauria Hadrosaurinae,Horner and Makela (1979),peeblesorum,https://www.nhm.ac.uk/discover/dino-directory/maiasaura.html
47,eoraptor,carnivorous,Late Triassic 228 million years ago,Argentina,small theropod,1.0m,Dinosauria Saurischia Theropoda,Sereno Forster Rogers and Monetta (1993),lunensis,https://www.nhm.ac.uk/discover/dino-directory/eoraptor.html
48,saichania,herbivorous,Late Cretaceous 80 million years ago,Mongolia,armoured dinosaur,6.6m,Dinosauria Ornithischia Genasauria Thyreophora Ankylosauromorpha Ankylosauria Ankylosauridae,Maryañska (1977),chulsanensis,https://www.nhm.ac.uk/discover/dino-directory/saichania.html
49,urbacodon,carnivorous,Late Cretaceous 95 million years ago,Uzbekistan,small theropod,1.0m,Dinosauria Saurischia,Averianov and Sues (2007),itemirensis,https://www.nhm.ac.uk/discover/dino-directory/urbacodon.html
50,spinosaurus,carnivorous,Late Cretaceous 95-70 million years ago,Morocco,large theropod,18.0m,Dinosauria Saurischia Theropoda Neotheropoda Tetanurae Spinosauroidea Spinosauridae Spinosaurinae,Stromer (1915),aegyptiacus,https://www.nhm.ac.uk/discover/dino-directory/spinosaurus.html
51,herrerasaurus,carnivorous,Late Triassic 228 million years ago,Argentina,small theropod,3.0m,Dinosauria Saurischia Theropoda Herrerasauridae,Reig (1963),ischigualastensis,https://www.nhm.ac.uk/discover/dino-directory/herrerasaurus.html
52,erketu,herbivorous,Early Cretaceous,Mongolia,sauropod,15.0m,Dinosauria Saurischia Sauropodomorpha Sauropoda Eusauropoda Neosauropoda Macronaria Camarasauromorpha Titanosauriformes Titanosauria,Ksepka and Norell (2006),ellisoni,https://www.nhm.ac.uk/discover/dino-directory/erketu.html
53,staurikosaurus,carnivorous,Late Triassic 227-221 million years ago,Brazil,large theropod,2.0m,Dinosauria Saurischia Theropoda Herrerasauridae,Colbert (1970),pricei,https://www.nhm.ac.uk/discover/dino-directory/staurikosaurus.html
54,aardonyx,herbivorous,Early Jurassic 199-189 million years ago,South Africa,sauropod,8.0m,Dinosauria Saurischia Sauropodomorpha Prosauropoda Anchisauria,Yates Bonnan Neveling Chinsamy and Blackbeard 2010 (2009),celestae,https://www.nhm.ac.uk/discover/dino-directory/aardonyx.html
55,jinzhousaurus,herbivorous,Early Cretaceous 127-121 million years ago,China,euornithopod,,Dinosauria Ornithischia Genasauria Cerapoda Ornithopoda Euornithopoda Iguanadontia Euiguanadontia Dryomorpha Ankylopollexia Iguanodontoidea,Wang and Xu (2001),yangi,https://www.nhm.ac.uk/discover/dino-directory/jinzhousaurus.html
56,chasmosaurus,herbivorous,Late Cretaceous 76-74 million years ago,Canada,ceratopsian,5.0m,Dinosauria Ornithischia Genasauria Cerapoda Marginocephalia Ceratopsia Neoceratopsia Coronosauria Ceratopsidae Chasmosaurinae,belli,,https://www.nhm.ac.uk/discover/dino-directory/chasmosaurus.html
57,protarchaeopteryx,carnivorous,Early Cretaceous 122-120 million years ago,China,small theropod,2.0m,Dinosauria Saurischia Theropoda Neotheropoda Tetanurae Avetheropoda Coelurosauria Tyrannoraptora Maniraptoriformes Maniraptora Paraves Eumaniraptora,Ji and Ji (1997),robusta,https://www.nhm.ac.uk/discover/dino-directory/protarchaeopteryx.html
58,thecodontosaurus,omnivorous,Late Triassic 227-205 million years ago,United Kingdom,sauropod,2.5m,Dinosauria Saurischia Sauropodomorpha Prosauropoda,Morris (1843),antiquus,https://www.nhm.ac.uk/discover/dino-directory/thecodontosaurus.html
59,kritosaurus,herbivorous,Late Cretaceous 78-74 million years ago,USA,euornithopod,8.0m,Dinosauria Ornithischia Genasauria Cerapoda Ornithopoda Euornithopoda Iguanadontia Euiguanadontia Dryomorpha Ankylopollexia Iguanodontoidea Hadrosauridae Euhadrosauria Hadrosaurinae,Brown (1910),navajovius,https://www.nhm.ac.uk/discover/dino-directory/kritosaurus.html
60,udanoceratops,herbivorous,Late Cretaceous 81-75 million years ago,Mongolia,ceratopsian,,Dinosauria Ornithischia Genasauria Cerapoda Marginocephalia Ceratopsia Neoceratopsia,Kurzanov (1992),tschizhovi,https://www.nhm.ac.uk/discover/dino-directory/udanoceratops.html
61,polacanthus,herbivorous,Early Cretaceous 125 million years ago,United Kingdom,armoured dinosaur,5.0m,Dinosauria Ornithischia Genasauria Thyreophora Ankylosauromorpha Ankylosauria,Hulke (1881),foxii,https://www.nhm.ac.uk/discover/dino-directory/polacanthus.html
62,goyocephale,herbivorous,Late Cretaceous 81-75 million years ago,Mongolia,large theropod,2.0m,Dinosauria Ornithischia Genasauria Cerapoda Marginocephalia Pachycephalosauria Goyocephala,Perle Maryańska and Osmólska (1982),lattimorei,https://www.nhm.ac.uk/discover/dino-directory/goyocephale.html
63,euoplocephalus,herbivorous,Late Cretaceous 76-70 million years ago,USA,armoured dinosaur,7.0m,Dinosauria Ornithischia Genasauria Thyreophora Ankylosauromorpha Ankylosauria Ankylosauridae,tutus,,https://www.nhm.ac.uk/discover/dino-directory/euoplocephalus.html
64,brachytrachelopan,herbivorous,Mid Jurassic 150 million years ago,Argentina,sauropod,10.0m,Dinosauria Saurischia Sauropodomorpha Sauropoda Eusauropoda Neosauropoda Diplodocoidea Dicraeosauridae,Rauhut Remes Fechner Cladera and Puerta (2005),mesai,https://www.nhm.ac.uk/discover/dino-directory/brachytrachelopan.html
65,nanshiungosaurus,omnivorous,Late Cretaceous 84-71 million years ago,China,large theropod,4.4m,Dinosauria Saurischia Theropoda Neotheropoda Tetanurae Avetheropoda Coelurosauria Tyrannoraptora Maniraptoriformes Maniraptora Therizinosauroidea Therizinosauridae,Dong (1979),brevispinus,https://www.nhm.ac.uk/discover/dino-directory/nanshiungosaurus.html
66,shuvuuia,omnivorous,Late Cretaceous 75-81 million years ago,Mongolia,small theropod,0.6m,Dinosauria Saurischia Theropoda Neotheropoda Tetanurae Avetheropoda Coelurosauria Tyrannoraptora Maniraptoriformes Maniraptora Alvarezsauridae,Chiappe Norell and Clark (1998),deserti,https://www.nhm.ac.uk/discover/dino-directory/shuvuuia.html
67,tanius,herbivorous,Late Cretaceous 89-65 million years ago,China,euornithopod,,Dinosauria Ornithischia Genasauria Cerapoda Ornithopoda Euornithopoda Iguanadontia Euiguanadontia Dryomorpha Ankylopollexia Iguanodontoidea Hadrosauridae,Wiman (1929),sinensis,https://www.nhm.ac.uk/discover/dino-directory/tanius.html
68,saurolophus,herbivorous,Late Cretaceous 74-70 million years ago,Mongolia,euornithopod,9.0m,Dinosauria Ornithischia Genasauria Cerapoda Ornithopoda Euornithopoda Iguanadontia Euiguanadontia Dryomorpha Ankylopollexia Iguanodontoidea Hadrosauridae Euhadrosauria Hadrosaurinae,Brown (1912),osborni,https://www.nhm.ac.uk/discover/dino-directory/saurolophus.html
69,homalocephale,herbivorous,Late Cretaceous 72-68 million years ago,Mongolia,euornithopod,1.5m,Dinosauria Ornithischia Genasauria Cerapoda Marginocephalia Pachycephalosauria Goyocephala Homalocephaloidea,Maryańska and Osmólska (1974),calathocercos,https://www.nhm.ac.uk/discover/dino-directory/homalocephale.html
70,abelisaurus,carnivorous,Late Cretaceous 74-70 million years ago,Argentina,large theropod,9.0m,Dinosauria Saurischia Theropoda Neotheropoda Ceratosauria Neoceratosauria Abelisauridae Abelisaurinae,Bonaparte and Novas (1985),comahuensis,https://www.nhm.ac.uk/discover/dino-directory/abelisaurus.html
71,lophorhothon,herbivorous,Late Cretaceous 84-71 million years ago,USA,euornithopod,4.5m,Dinosauria Ornithischia Genasauria Cerapoda Ornithopoda Euornithopoda Iguanadontia Euiguanadontia Dryomorpha Ankylopollexia Iguanodontoidea Hadrosauridae Euhadrosauria Hadrosaurinae,Xu Makovicky Wang Norell and You (1960),atopus,https://www.nhm.ac.uk/discover/dino-directory/lophorhothon.html
72,baryonyx,carnivorous,Early Cretaceous 125 million years ago,United Kingdom,large theropod,10.0m,Dinosauria Saurischia Theropoda Neotheropoda Tetanurae Spinosauroidea Spinosauridae Baryonychinae,Charig and Milner (1987),walkeri,https://www.nhm.ac.uk/discover/dino-directory/baryonyx.html
73,utahraptor,carnivorous,Early Cretaceous 112-100 million years ago,USA,large theropod,6.0m,Dinosauria Saurischia Theropoda Neotheropoda Tetanurae Avetheropoda Coelurosauria Tyrannoraptora Maniraptoriformes Maniraptora Paraves Eumaniraptora Dromaeosauridae,Kirkland Gaston and Burge (1993),ostrommaysorum,https://www.nhm.ac.uk/discover/dino-directory/utahraptor.html
74,muttaburrasaurus,herbivorous,Early Cretaceous 110-100 million years ago,Australia,euornithopod,7.0m,Dinosauria Ornithischia Genasauria Cerapoda Ornithopoda Euornithopoda Iguanadontia Euiguanadontia Dryomorpha Ankylopollexia Iguanodontoidea,Bartholomai and Molnar (1981),langdoni,https://www.nhm.ac.uk/discover/dino-directory/muttaburrasaurus.html
75,ampelosaurus,herbivorous,Late Cretaceous 71-65 million years ago,France,sauropod,15.0m,Dinosauria Saurischia Sauropodomorpha Sauropoda Eusauropoda Neosauropoda Macronaria Camarasauromorpha Titanosauriformes Titanosauria Lithostrotia,Le Loeuff (1995),atacis,https://www.nhm.ac.uk/discover/dino-directory/ampelosaurus.html
76,paralititan,herbivorous,Late Cretaceous 99-94 million years ago,Egypt,sauropod,28.0m,Dinosauria Saurischia Sauropodomorpha Sauropoda Eusauropoda Neosauropoda Macronaria Camarasauromorpha Titanosauriformes Titanosauria Lithostrotia,Smith Lamanna Lacovara Dodson Smith Poole Giegengack and Attia (2001),stromeri,https://www.nhm.ac.uk/discover/dino-directory/paralititan.html
77,becklespinax,carnivorous,Early Cretaceous 142-132 million years ago,United Kingdom,large theropod,5.0m,Dinosauria Saurischia Theropoda Neotheropoda Tetanurae,Paul (1988),altispinax,https://www.nhm.ac.uk/discover/dino-directory/becklespinax.html
78,chindesaurus,carnivorous,Late Triassic 227-210 million years ago,USA,small theropod,4.0m,Dinosauria Saurischia Theropoda Herrerasauridae,Long and Murry (1995),bryansmalli,https://www.nhm.ac.uk/discover/dino-directory/chindesaurus.html
79,chaoyangsaurus,herbivorous,Late Jurassic 152-145 million years ago,China,ceratopsian,1.1m,Dinosauria Ornithischia Genasauria Cerapoda Marginocephalia Ceratopsia Neoceratopsia,Zhao Cheng and Xu (1999),youngi,https://www.nhm.ac.uk/discover/dino-directory/chaoyangsaurus.html
80,ammosaurus,herbivorous,Early Jurassic 195-180 million years ago,USA,sauropod,5.0m,Dinosauria Saurischia Sauropodomorpha Prosauropoda Anchisauria Anchisauridae,Marsh (1891),major,https://www.nhm.ac.uk/discover/dino-directory/ammosaurus.html
81,torosaurus,herbivorous,Late Cretaceous 70-65 million years ago,USA,ceratopsian,7.5m,Dinosauria Ornithischia Genasauria Cerapoda Marginocephalia Ceratopsia Neoceratopsia Coronosauria Ceratopsidae Chasmosaurinae,Marsh (1891),latus,https://www.nhm.ac.uk/discover/dino-directory/torosaurus.html
82,khaan,omnivorous,Late Cretaceous 81-75 million years ago,Mongolia,small theropod,1.8m,Dinosauria Saurischia Theropoda Neotheropoda Tetanurae Avetheropoda Coelurosauria Tyrannoraptora Maniraptoriformes Maniraptora Oviraptorosauria Caenagnathoidea Oviraptoridae Ingeniinae,Clark Norell and Barsbold (2001),mckennai,https://www.nhm.ac.uk/discover/dino-directory/khaan.html
83,diplodocus,herbivorous,Late Jurassic 155-145 million years ago,USA,sauropod,26.0m,Dinosauria Saurischia Sauropodomorpha Sauropoda Eusauropoda Neosauropoda Diplodocoidea Diplodocidae,Marsh (1878),longus,https://www.nhm.ac.uk/discover/dino-directory/diplodocus.html
84,eolambia,herbivorous,Late Cretaceous 99-94 million years ago,USA,euornithopod,,Dinosauria Ornithischia Genasauria Cerapoda Ornithopoda Euornithopoda Iguanadontia Euiguanadontia Dryomorpha Ankylopollexia Iguanodontoidea,Kirkland (1998),caroljonesa,https://www.nhm.ac.uk/discover/dino-directory/eolambia.html
85,sinosauropteryx,carnivorous,Early Cretaceous 122-120 million years ago,China,small theropod,1.0m,Dinosauria Saurischia Theropoda Neotheropoda Tetanurae Avetheropoda Coelurosauria Compsognathidae,Ji and Ji (1996),prima,https://www.nhm.ac.uk/discover/dino-directory/sinosauropteryx.html
86,gasparinisaura,herbivorous,Late Cretaceous 86-71 million years ago,Argentina,euornithopod,0.8m,Dinosauria Ornithischia Genasauria Cerapoda Ornithopoda Euornithopoda,Coria and Salgado (1996),cincosaltensis,https://www.nhm.ac.uk/discover/dino-directory/gasparinisaura.html
87,giraffatitan,herbivorous,Late Jurassic 154-142 million years ago,Tanzania,sauropod,23.0m,Dinosauria Saurischia Sauropodomorpha Sauropoda Eusauropoda Neosauropoda Macronaria Camarasauromorpha Titanosauriformes Brachiosauridae,Janensch (1914),brancai,https://www.nhm.ac.uk/discover/dino-directory/giraffatitan.html
88,leptoceratops,herbivorous,Late Cretaceous 67-65 million years ago,USA,ceratopsian,3.0m,Dinosauria Ornithischia Genasauria Cerapoda Marginocephalia Ceratopsia Neoceratopsia Coronosauria,Brown (1914),gracilis,https://www.nhm.ac.uk/discover/dino-directory/leptoceratops.html
89,argentinosaurus,herbivorous,Late Cretaceous 90 million years ago,Argentina,sauropod,35.0m,Dinosauria Saurischia Sauropodomorpha Sauropoda Eusauropoda Neosauropoda Macronaria Camarasauromorpha Titanosauriformes Titanosauria,Bonaparte and Coria (1993),huinculensis,https://www.nhm.ac.uk/discover/dino-directory/argentinosaurus.html
90,scutellosaurus,herbivorous,Early Jurassic 205-202 million years ago,USA,armoured dinosaur,1.2m,Dinosauria Ornithischia Genasauria Thyreophora,Colbert (1981),lawleri,https://www.nhm.ac.uk/discover/dino-directory/scutellosaurus.html
91,velociraptor,carnivorous,Late Cretaceous 74-70 million years ago,Mongolia,small theropod,1.8m,Dinosauria Saurischia Theropoda Neotheropoda Tetanurae Avetheropoda Coelurosauria Tyrannoraptora Maniraptoriformes Maniraptora Paraves Eumaniraptora Dromaeosauridae,Osborn (1924),mongoliensis,https://www.nhm.ac.uk/discover/dino-directory/velociraptor.html
92,pinacosaurus,herbivorous,Late Cretaceous 81-75 million years ago,Mongolia,armoured dinosaur,5.0m,Dinosauria Ornithischia Genasauria Thyreophora Ankylosauromorpha Ankylosauria Ankylosauridae,Gilmore (1933),grangeri,https://www.nhm.ac.uk/discover/dino-directory/pinacosaurus.html
93,eotyrannus,carnivorous,Early Cretaceous 127-121 million years ago,United Kingdom,large theropod,5.0m,Dinosauria Saurischia Theropoda Neotheropoda Tetanurae Avetheropoda Coelurosauria Tyrannoraptora Tyrannosauroidea,Hutt Naish Martill Barker and Newberry (2001),lengi,https://www.nhm.ac.uk/discover/dino-directory/eotyrannus.html
94,massospondylus,omnivorous,Early Jurassic 208-204 million years ago,Zimbabwe,sauropod,4.0m,Dinosauria Saurischia Sauropodomorpha Prosauropoda Plateosauria Plateosauridae,Owen (1854),carinatus,https://www.nhm.ac.uk/discover/dino-directory/massospondylus.html
95,amargasaurus,herbivorous,Early Cretaceous 132-127 million years ago,Argentina,sauropod,12.0m,Dinosauria Saurischia Sauropodomorpha Sauropoda Eusauropoda Neosauropoda Diplodocoidea Dicraeosauridae,Salgado and Bonaparte (1991),cazaui,https://www.nhm.ac.uk/discover/dino-directory/amargasaurus.html
96,aragosaurus,herbivorous,Early Cretaceous 132-121 million years ago,Spain,sauropod,18.0m,Dinosauria Saurischia Sauropodomorpha Sauropoda Eusauropoda,Sanz Buscalioni Casanovas and Sanafé (1987),ischiadicus,https://www.nhm.ac.uk/discover/dino-directory/aragosaurus.html
97,oryctodromeus,herbivorous,Late Cretaceous 99-94 million years ago,USA,euornithopod,2.1m,Dinosauria Ornithischia,Varricchio Marin and Katsura (2007),cubicularis,https://www.nhm.ac.uk/discover/dino-directory/oryctodromeus.html
98,tarbosaurus,carnivorous,Late Cretaceous 74-70 million years ago,Mongolia,large theropod,10.0m,Dinosauria Saurischia Theropoda Neotheropoda Tetanurae Avetheropoda Coelurosauria Tyrannoraptora Tyrannosauroidea Tyrannosauridae Tyrannosaurinae,Maleev (1955),bataar,https://www.nhm.ac.uk/discover/dino-directory/tarbosaurus.html
99,arrhinoceratops,herbivorous,Late Cretaceous 72-67 million years ago,Canada,ceratopsian,6.0m,Dinosauria Ornithischia Genasauria Cerapoda Marginocephalia Ceratopsia Neoceratopsia Coronosauria Ceratopsidae Chasmosaurinae,Parks (1925),brachyops,https://www.nhm.ac.uk/discover/dino-directory/arrhinoceratops.html
100,fukuiraptor,carnivorous,Early Cretaceous 121-99 million years ago,Japan,large theropod,4.2m,Dinosauria Saurischia Theropoda Neotheropoda Tetanurae Avetheropoda Carnosauria,Azuma and Currie (2000),kitadaniensis,https://www.nhm.ac.uk/discover/dino-directory/fukuiraptor.html
101,opisthocoelicaudia,herbivorous,Late Cretaceous 72-68 million years ago,Mongolia,sauropod,12.0m,Dinosauria Saurischia Sauropodomorpha Sauropoda Eusauropoda Neosauropoda Macronaria Camarasauromorpha Titanosauriformes Titanosauria Lithostrotia Saltasauridae,Borsuk-Bialynicka  (1977),skarzynskii ,https://www.nhm.ac.uk/discover/dino-directory/opisthocoelicaudia.html
102,kentrosaurus,herbivorous,Late Jurassic 155-150 million years ago,Tanzania,armoured dinosaur,5.0m,Dinosauria Ornithischia Genasauria Thyreophora Stegosauria Stegosauridae Stegosaurinae,Hennig (1915),aethiopicus,https://www.nhm.ac.uk/discover/dino-directory/kentrosaurus.html
103,coloradisaurus,omnivorous,Late Triassic 221-210 million years ago,Argentina,sauropod,4.0m,Dinosauria Saurischia Sauropodomorpha Prosauropoda Plateosauria Plateosauridae,Bonaparte (1978),brevis,https://www.nhm.ac.uk/discover/dino-directory/coloradisaurus.html
104,compsognathus,carnivorous,Late Jurassic 145-140 million years ago,Germany,small theropod,0.65m,Dinosauria Saurischia Theropoda Neotheropoda Tetanurae Avetheropoda Coelurosauria Compsognathidae,Wagner (1859),longipes,https://www.nhm.ac.uk/discover/dino-directory/compsognathus.html
105,pentaceratops,herbivorous,Late Cretaceous 76-74 million years ago,USA,ceratopsian,6.8m,Dinosauria Ornithischia Genasauria Cerapoda Marginocephalia Ceratopsia Neoceratopsia Coronosauria Ceratopsidae Chasmosaurinae,Osborn (1923),sternbergi,https://www.nhm.ac.uk/discover/dino-directory/pentaceratops.html
106,troodon,carnivorous,Late Cretaceous 74-65 million years ago,USA,small theropod,2.0m,Dinosauria Saurischia Theropoda Neotheropoda Tetanurae Avetheropoda Coelurosauria Tyrannoraptora Maniraptoriformes Maniraptora Paraves Eumaniraptoria Troodontidae,Leidy (1856),formosus,https://www.nhm.ac.uk/discover/dino-directory/troodon.html
107,archaeoceratops,herbivorous,Early Cretaceous 121-99 million years ago,China,ceratopsian,1.3m,Dinosauria Ornithischia Genasauria Cerapoda Marginocephalia Ceratopsia Neoceratopsia,Dong and Azuma (1987),oshimai,https://www.nhm.ac.uk/discover/dino-directory/archaeoceratops.html
108,erlikosaurus,omnivorous,Late Cretaceous 99-89 million years ago,Mongolia,small theropod,3.4m,Dinosauria Saurischia Theropoda Neotheropoda Tetanurae Avetheropoda Coelurosauria Tyrannoraptora Maniraptoriformes Maniraptora Therizinosauroidea Therizinosauridae,Perle vide Barsbold and Perle (1980),andrewsi,https://www.nhm.ac.uk/discover/dino-directory/erlikosaurus.html
109,antarctosaurus,herbivorous,Late Cretaceous 84-65 million years ago,Uruguay,sauropod,18.0m,Dinosauria Saurischia Sauropodomorpha Sauropoda Eusauropoda Neosauropoda Macronaria Camarasauromorpha Titanosauriformes Titanosauria Lithostrotia,von Huene (1929),wichmannianus,https://www.nhm.ac.uk/discover/dino-directory/antarctosaurus.html
110,segnosaurus,carnivorous,Late Cretaceous 97-88 million years ago,Mongolia,large theropod,4.0m,Dinosauria Saurischia Theropoda Neotheropoda Tetanurae Avetheropoda Coelurosauria Tyrannoraptora Maniraptoriformes Maniraptora Therizinosauroidea Therizinosauridae,Perle (1979),galbinensis,https://www.nhm.ac.uk/discover/dino-directory/segnosaurus.html
111,albertosaurus,carnivorous,Late Cretaceous 76-74 million years ago,Canada,large theropod,9.0m,Dinosauria Saurischia Theropoda Neotheropoda Tetanurae Avetheropoda Coelurosauria Tyrannoraptora Tyrannosauroidea Tyrannosauridae Albertosaurinae,Lamb (1914),libratus,https://www.nhm.ac.uk/discover/dino-directory/albertosaurus.html
112,silvisaurus,herbivorous,Early Cretaceous 121-112 million years ago,USA,armoured dinosaur,4.0m,Dinosauria Ornithischia Genasauria Thyreophora Ankylosauromorpha Ankylosauria Nodosauridae,Eaton (1960),condrayi,https://www.nhm.ac.uk/discover/dino-directory/silvisaurus.html
113,albertaceratops,herbivorous,Late Cretaceous 80-75 million years ago,USA,ceratopsian,7.0m,Dinosauria Ornithischia,Ryan 2007,nesmoi,https://www.nhm.ac.uk/discover/dino-directory/albertaceratops.html
114,apatosaurus,herbivorous,Late Jurassic 154-145 million years ago,USA,sauropod,21.0m,Dinosauria Saurischia Sauropodomorpha Sauropoda Eusauropoda Neosauropoda Diplodocoidea Diplodocidae,Marsh (1877),ajax,https://www.nhm.ac.uk/discover/dino-directory/apatosaurus.html
115,vulcanodon,herbivorous,Early Jurassic 205-202 million years ago,Zimbabwe,sauropod,6.5m,Dinosauria Saurischia Sauropodomorpha Sauropoda Vulcanodontidae,Raath (1972),karibaensis,https://www.nhm.ac.uk/discover/dino-directory/vulcanodon.html
116,guanlong,carnivorous,Late Jurassic 159-154 million years ago,China,small theropod,3.0m,Dinosauria Saurischia Theropoda Neotheropoda Tetanurae Avetheropoda Coelurosauria Tyrannoraptora Tyrannosauroidea,Xu Clark Forster Norell Erickson Eberth Jia and Zhao (2006),wucaii,https://www.nhm.ac.uk/discover/dino-directory/guanlong.html
117,giganotosaurus,carnivorous,Early Cretaceous 112-90 million years ago,Argentina,large theropod,12.5m,Dinosauria Saurischia Theropoda Neotheropoda Tetanurae Avetheropoda Carnosauria Allosauroidea Carcharodontosauridae,Coria and Salgado (1995),carolinii,https://www.nhm.ac.uk/discover/dino-directory/giganotosaurus.html
118,archaeornithomimus,carnivorous,Late Cretaceous 95-70 million years ago,Uzbekistan,small theropod,3.5m,Dinosauria Saurischia Theropoda Neotheropoda Tetanurae Avetheropoda Coelurosauria Tyrannoraptora Maniraptoriformes Ornithomimosauria Ornithomimidae,Russell (1972),asiaticus,https://www.nhm.ac.uk/discover/dino-directory/archaeornithomimus.html
119,hypsilophodon,herbivorous,Early Cretaceous 125 million years ago,United Kingdom,euornithopod,2.3m,Dinosauria Ornithischia Genasauria Cerapoda Ornithopoda Euornithopoda Hypsilophodontidae,Huxley (1869),foxii,https://www.nhm.ac.uk/discover/dino-directory/hypsilophodon.html
120,graciliceratops,herbivorous,Late Cretaceous 99-84 million years ago,Mongolia,ceratopsian,,Dinosauria Ornithischia Genasauria Cerapoda Marginocephalia Ceratopsia Neoceratopsia,Sereno (2000),mongoliensis,https://www.nhm.ac.uk/discover/dino-directory/graciliceratops.html
121,chungkingosaurus,herbivorous,Late Jurassic 159-142 million years ago,China,armoured dinosaur,4.0m,Dinosauria Ornithischia Genasauria Thyreophora Stegosauria Stegosauridae Stegosaurinae,Dong Zhou and Zhang (1983),jiangbeiensis,https://www.nhm.ac.uk/discover/dino-directory/chungkingosaurus.html
122,carcharodontosaurus,carnivorous,Late Cretaceous 98-94 million years ago,North Africa,large theropod,15.0m,Dinosauria Saurischia Theropoda Neotheropoda Tetanurae Avetheropoda Carnosauria Allosauroidea Carcharodontosauridae,Stromer (1931),saharicus,https://www.nhm.ac.uk/discover/dino-directory/carcharodontosaurus.html
123,jobaria,herbivorous,Early Cretaceous 132-94 million years ago,Niger,sauropod,21.0m,Dinosauria Saurischia Sauropodomorpha Sauropoda Eusauropoda Neosauropoda Macronaria,Sereno Beck Dutheil Larsson Lyon Moussa Sadleir Sidor Varricchio Wilson and Wilson (1999),tiguidensis,https://www.nhm.ac.uk/discover/dino-directory/jobaria.html
124,mapusaurus,carnivorous,Late Cretaceous 99-94 million years ago,Argentina,large theropod,13.0m,Dinosauria Saurischia Theropoda Neotheropoda Tetanurae Avetheropoda Carnosauria Allosauroidea Allosauridae Charcharodontosauridae Giganotosaurinae,Coria and Currie (2006),roseae,https://www.nhm.ac.uk/discover/dino-directory/mapusaurus.html
125,buitreraptor,carnivorous,Late Cretaceous 99-90 million years ago,Argentina,small theropod,1.3m,Dinosauria Saurischia Theropoda Neotheropoda Tetanurae Avetheropoda Coelurosauria Tyrannoraptora Maniraptoriformes Maniraptora Paraves Eumaniraptora Dromaeosauridae Unenlagiinae,Makovicky Apesteguía &amp; Agnolin (2005),gonzalezorum,https://www.nhm.ac.uk/discover/dino-directory/buitreraptor.html
126,nedoceratops,herbivorous,Late Cretaceous 67-65 million years ago,USA,ceratopsian,7.0m,Dinosauria Ornithischia Genasauria Cerapoda Marginocephalia Ceratopsia Neoceratopsia Coronosauria Ceratopsidae Chasmosaurinae,Lull (1905),hatcheri,https://www.nhm.ac.uk/discover/dino-directory/nedoceratops.html
127,guaibasaurus,herbivorous,Late Triassic 221-210 million years ago,Brazil,small theropod,1.8m,Dinosauria Saurischia Theropoda,Bonaparte Ferigolo and Ribeiro (1999),candelariensis,https://www.nhm.ac.uk/discover/dino-directory/guaibasaurus.html
128,heyuannia,omnivorous,Late Cretaceous 72-68 million years ago,Mongolia,small theropod,2.0m,Dinosauria Saurischia Theropoda Neotheropoda Tetanurae Avetheropoda Coelurosauria Tyrannoraptora Maniraptoriformes Maniraptora Oviraptorosauria Caenagnathoidea Oviraptoridae Ingeniinae,Barsbold (1981),yanshini,https://www.nhm.ac.uk/discover/dino-directory/heyuannia.html
129,nomingia,omnivorous,Late Cretaceous 72-68 million years ago,Mongolia,small theropod,1.6m,Dinosauria Saurischia Theropoda Neotheropoda Tetanurae Avetheropoda Coelurosauria Tyrannoraptora Maniraptoriformes Maniraptora Oviraptorosauria Caenagnathoidea Caenagnathidae,Barsbold Osmólska Watabe Currie and Tsogtbaatar (2000),gobiensis,https://www.nhm.ac.uk/discover/dino-directory/nomingia.html
130,ornitholestes,carnivorous,Late Jurassic 150-144 million years ago,USA,small theropod,2.0m,Dinosauria Saurischia Theropoda Neotheropoda Tetanurae Avetheropoda Coelurosauria,Osbourne (1933),hermanni,https://www.nhm.ac.uk/discover/dino-directory/ornitholestes.html
131,struthiosaurus,herbivorous,Late Cretaceous 83-75 million years ago,Spain,armoured dinosaur,2.5m,Dinosauria Ornithischia Genasauria Thyreophora Ankylosauromorpha Ankylosauria Nodosauridae,Bunzel (1871),austriacus,https://www.nhm.ac.uk/discover/dino-directory/struthiosaurus.html
132,corythosaurus,herbivorous,Late Cretaceous 76-74 million years ago,USA,euornithopod,10.0m,Dinosauria Ornithischia Genasauria Cerapoda Ornithopoda Euornithopoda Iguanadontia Euiguanadontia Dryomorpha Ankylopollexia Iguanodontoidea Hadrosauridae Euhadrosauria Lambeosaurinae,Brown (1914),casuarius,https://www.nhm.ac.uk/discover/dino-directory/corythosaurus.html
133,marshosaurus,carnivorous,Late Jurassic 154-142 million years ago,USA,large theropod,6.0m,Dinosauria Saurischia Theropoda Neotheropoda Tetanurae Avetheropoda,Madsen (1976),bicentesimus,https://www.nhm.ac.uk/discover/dino-directory/marshosaurus.html
134,deinonychus,carnivorous,Early Cretaceous 120-110 million years ago,USA,small theropod,3.0m,Dinosauria Saurischia Theropoda Neotheropoda Tetanurae Avetheropoda Coelurosauria Tyrannoraptora Maniraptoriformes Maniraptora Paraves Eumaniraptora Dromaeosauridae,Ostrom (1969),antirrhopus,https://www.nhm.ac.uk/discover/dino-directory/deinonychus.html
135,piatnitzkysaurus,carnivorous,Late Jurassic 164-159 million years ago,Argentina,large theropod,4.2m,Dinosauria Saurischia Theropoda Neotheropoda Tetanurae Spinosauroidea Megalosauridae Eustreptospondylinae,Bonaparte (1979),floresi,https://www.nhm.ac.uk/discover/dino-directory/piatnitzkysaurus.html
136,stenopelix,herbivorous,Early Cretaceous 127-121 million years ago,Germany,ceratopsian,1.5m,Dinosauria Ornithischia Genasauria Cerapoda Marginocephalia Pachycephalosauria,Meyer (1857),valdensis,https://www.nhm.ac.uk/discover/dino-directory/stenopelix.html
137,alectrosaurus,carnivorous,Late Cretaceous 90-70 million years ago,Mongolia,large theropod,5.0m,Dinosauria Saurischia Theropoda Neotheropoda Tetanurae Avetheropoda Coelurosauria Tyrannoraptora Tyrannosauroidea,Gilmore (1933),olseni,https://www.nhm.ac.uk/discover/dino-directory/alectrosaurus.html
138,eustreptospondylus,carnivorous,Mid Jurassic 165 million years ago,United Kingdom,large theropod,7.0m,Dinosauria Saurischia Theropoda Neotheropoda Tetanurae Spinosauroidea Megalosauridae Eustreptospondylinae,Walker (1964),oxoniensis,https://www.nhm.ac.uk/discover/dino-directory/eustreptospondylus.html
139,juravenator,carnivorous,Late Jurassic 154-151 million years ago,Germany,small theropod,0.8m,Dinosauria Saurischia Theropoda Neotheropoda Tetanurae Avetheropoda Coelurosauria Compsognathidae,Göhlich &amp; Chiappe (2006),starki,https://www.nhm.ac.uk/discover/dino-directory/juravenator.html
140,tylocephale,herbivorous,Late Cretaceous 75-72 million years ago,Mongolia,euornithopod,1.4m,Dinosauria Ornithischia Genasauria Cerapoda Marginocephalia Pachycephalosauria Goyocephala Homalocephaloidea Pachycephalosauridae,Maryańska and Osmólska (1974),gilmorei,https://www.nhm.ac.uk/discover/dino-directory/tylocephale.html
141,psittacosaurus,herbivorous,Early Cretaceous 120-100 million years ago,Russia,ceratopsian,2.0m,Dinosauria Ornithischia Genasauria Cerapoda Marginocephalia Ceratopsia Psittacosauridae,Osborn (1923),mongoliensis,https://www.nhm.ac.uk/discover/dino-directory/psittacosaurus.html
142,rebbachisaurus,herbivorous,Early Cretaceous 112-99 million years ago,Morocco,sauropod,20.0m,Dinosauria Saurischia Sauropodomorpha Sauropoda Eusauropoda Neosauropoda Diplodocoidea Rebbachisauridae,Lavocat (1954),garasbae,https://www.nhm.ac.uk/discover/dino-directory/rebbachisaurus.html
143,telmatosaurus,herbivorous,Late Cretaceous 84-65 million years ago,Spain,euornithopod,5.0m,Dinosauria Ornithischia Genasauria Cerapoda Ornithopoda Euornithopoda Iguanadontia Euiguanadontia Dryomorpha Ankylopollexia Iguanodontoidea Hadrosauridae,Nopcsa (1900),transsylvanicus,https://www.nhm.ac.uk/discover/dino-directory/telmatosaurus.html
144,saurophaganax,carnivorous,Late Jurassic 154-142 million years ago,USA,large theropod,12.0m,Dinosauria Saurischia Theropoda Neotheropoda Tetanurae Avetheropoda Carnosauria Allosauroidea Allosauridae,Chure (1996),maximus,https://www.nhm.ac.uk/discover/dino-directory/saurophaganax.html
145,aegyptosaurus,herbivorous,Late Cretaceous 98-93 million years ago,Egypt,sauropod,15.0m,Dinosauria Saurischia Sauropodomorpha Sauropoda Eusauropoda Neosauropoda Macronaria Camarasauromorpha Titanosauriformes Titanosauria,Stromer (1932),baharijensis,https://www.nhm.ac.uk/discover/dino-directory/aegyptosaurus.html
146,sarcosaurus,carnivorous,Early Jurassic 202-195 million years ago,United Kingdom,small theropod,3.0m,Dinosauria Saurischia Theropoda Neotheropoda Ceratosauria,Andrews (1921),woodi,https://www.nhm.ac.uk/discover/dino-directory/sarcosaurus.html
147,rugops,carnivorous,Late Cretaceous 95 million years ago,Niger,large theropod,7.0m,Dinosauria Saurischia Theropoda Neotheropoda Ceratosauria Neoceratosauria Abelisauridae,Sereno Wilson and Conrad (2004),primus,https://www.nhm.ac.uk/discover/dino-directory/rugops.html
148,dryosaurus,herbivorous,Late Jurassic 155-140 million years ago,USA,euornithopod,4.0m,Dinosauria Ornithischia Genasauria Cerapoda Ornithopoda Euornithopoda Iguanadontia Euiguanadontia Dryomorpha Dryosauridae,Marsh (1894),altus,https://www.nhm.ac.uk/discover/dino-directory/dryosaurus.html
149,yuanmousaurus,herbivorous,Mid Jurassic 180-159 million years ago,China,sauropod,17.0m,Dinosauria Saurischia Sauropodomorpha Sauropoda Eusauropoda,Lü Li Ji Wang Zhang and Dong (2006),jiangyiensis,https://www.nhm.ac.uk/discover/dino-directory/yuanmousaurus.html
150,orodromeus,herbivorous,Late Cretaceous 74 million years ago,USA,euornithopod,2.0m,Dinosauria Ornithischia Genasauria Cerapoda Ornithopoda Euornithopoda,Horner and Weishampel (1988),makelai,https://www.nhm.ac.uk/discover/dino-directory/orodromeus.html
151,tsagantegia,herbivorous,Late Cretaceous 99-84 million years ago,Mongolia,armoured dinosaur,,Dinosauria Ornithischia Genasauria Thyreophora Ankylosauromorpha Ankylosauria Ankylosauridae,Tumanova (1993),longicranialis,https://www.nhm.ac.uk/discover/dino-directory/tsagantegia.html
152,sauropelta,herbivorous,Early Cretaceous 121-94 million years ago,USA,armoured dinosaur,6.5m,Dinosauria Ornithischia Genasauria Thyreophora Ankylosauromorpha Ankylosauria Nodosauridae,Ostrom (1970),edwardsorum,https://www.nhm.ac.uk/discover/dino-directory/sauropelta.html
153,pachycephalosaurus,herbivorous,Late Cretaceous 76-65 million years ago,USA,euornithopod,8.0m,Dinosauria Ornithischia Genasauria Cerapoda Marginocephalia Pachycephalosauria Goyocephala Homalocephaloidea Pachycephalosauridae,Brown and Schlaikjer (1943),wyomingensis,https://www.nhm.ac.uk/discover/dino-directory/pachycephalosaurus.html
154,sinovenator,carnivorous,Early Cretaceous 127-121 million years ago,China,small theropod,1.0m,Dinosauria Saurischia Theropoda Neotheropoda Tetanurae Avetheropoda Coelurosauria Tyrannoraptora Maniraptoriformes Maniraptora Paraves Eumaniraptoria Troodontidae,Xu Norell Wang Makovicky and Wu (2002),changii,https://www.nhm.ac.uk/discover/dino-directory/sinovenator.html
155,bambiraptor,carnivorous,Late Cretaceous 84-71 million years ago,USA,small theropod,1.0m,Dinosauria Saurischia Theropoda Neotheropoda Tetanurae Avetheropoda Coelurosauria Tyrannoraptora Maniraptoriformes Maniraptora Paraves Eumaniraptora Dromaeosauridae,Burnham Derstler Currie Bakker Zhou and Ostrom (2000),feinbergorum,https://www.nhm.ac.uk/discover/dino-directory/bambiraptor.html
156,masiakasaurus,carnivorous,Late Cretaceous 84-71 million years ago,Madagascar,small theropod,2.0m,Dinosauria Saurischia Theropoda Neotheropoda Ceratosauria Neoceratosauria Abelisauroidea Abelisauria,Sampson Carrano &amp; Forster (2001),knopfleri,https://www.nhm.ac.uk/discover/dino-directory/masiakasaurus.html
157,ligabuesaurus,herbivorous,Early Cretaceous 121-99 million years ago,Argentina,sauropod,24.0m,Dinosauria Saurischia Sauropodomorpha Sauropoda Eusauropoda Neosauropoda Macronaria Camarasauromorpha Titanosauriformes Titanosauria,Bonaparte González Riga and Apesteguía (2006),leanzai,https://www.nhm.ac.uk/discover/dino-directory/ligabuesaurus.html
158,micropachycephalosaurus,herbivorous,Late Cretaceous 84-71 million years ago,China,ceratopsian,0.6m,Dinosauria Ornithischia Genasauria Cerapoda Marginocephalia Pachycephalosauria,Dong (1978),hongtuyanensis,https://www.nhm.ac.uk/discover/dino-directory/micropachycephalosaurus.html
159,lapparentosaurus,herbivorous,Mid Jurassic 169-164 million years ago,Madagascar,sauropod,,Dinosauria Saurischia Sauropodomorpha Sauropoda Eusauropoda Neosauropoda Macronaria Camarasauromorpha Titanosauriformes,Bonaparte (1986),madagascariensis,https://www.nhm.ac.uk/discover/dino-directory/lapparentosaurus.html
160,metriacanthosaurus,carnivorous,Late Jurassic 159-154 million years ago,United Kingdom,large theropod,8.2m,Dinosauria Saurischia Theropoda Neotheropoda Tetanurae,Walker (1964),parkeri,https://www.nhm.ac.uk/discover/dino-directory/metriacanthosaurus.html
161,conchoraptor,carnivorous,Late Cretaceous 81-76 million years ago,Mongolia,small theropod,1.5m,Dinosauria Saurischia Theropoda Neotheropoda Tetanurae Avetheropoda Coelurosauria Tyrannoraptora Maniraptoriformes Maniraptora Oviraptorosauria Caenagnathoidea Oviraptoridae Ingeniinae,Barsbold (1986),gracilis,https://www.nhm.ac.uk/discover/dino-directory/conchoraptor.html
162,einiosaurus,herbivorous,Late Cretaceous 74 million years ago,USA,ceratopsian,6.0m,Dinosauria Ornithischia Genasauria Cerapoda Marginocephalia Ceratopsia Neoceratopsia Coronosauria Ceratopsidae Centrosaurinae,Sampson  (1995),procurvicornis,https://www.nhm.ac.uk/discover/dino-directory/einiosaurus.html
163,harpymimus,omnivorous,Early Cretaceous 121-99 million years ago,Mongolia,small theropod,2.0m,Dinosauria Saurischia Theropoda Neotheropoda Tetanurae Avetheropoda Coelurosauria Tyrannoraptora Maniraptoriformes Ornithomimosauria,Barsbold and Perle (1984),okladnikovi,https://www.nhm.ac.uk/discover/dino-directory/harpymimus.html
164,yimenosaurus,herbivorous,Early Jurassic 195-190 million years ago,China,sauropod,9.0m,Dinosauria Saurischia Sauropodomorpha Prosauropoda,Bai Yang and Wang (1990),youngi,https://www.nhm.ac.uk/discover/dino-directory/yimenosaurus.html
165,barosaurus,herbivorous,Late Jurassic 155-145 million years ago,USA,sauropod,24.0m,Dinosauria Saurischia Sauropodomorpha Sauropoda Eusauropoda Neosauropoda Diplodocoidea Diplodocidae,Marsh (1890),lentus,https://www.nhm.ac.uk/discover/dino-directory/barosaurus.html
166,megalosaurus,carnivorous,Mid Jurassic 170-155 million years ago,United Kingdom,large theropod,9.0m,Dinosauria Saurischia Theropoda Neotheropoda Tetanurae Spinosauroidea Megalosauridae Megalosaurinae,Ritgen (1826),bucklandii,https://www.nhm.ac.uk/discover/dino-directory/megalosaurus.html
167,lufengosaurus,herbivorous,Early Jurassic 200-195 million years ago,China,sauropod,6.0m,Dinosauria Saurischia Sauropodomorpha Prosauropoda Plateosauria Plateosauridae,Young (1941),huenei,https://www.nhm.ac.uk/discover/dino-directory/lufengosaurus.html
168,thescelosaurus,herbivorous,Late Cretaceous 76-67 million years ago,USA,euornithopod,3.5m,Dinosauria Ornithischia Genasauria Cerapoda Ornithopoda Euornithopoda,Gilmore (1913),neglectus,https://www.nhm.ac.uk/discover/dino-directory/thescelosaurus.html
169,lycorhinus,herbivorous,Late Triassic 205-195 million years ago,South Africa,euornithopod,1.2m,Dinosauria Ornithischia Genasauria Cerapoda Heterodontosauridae,Haughton (1924),angustidens,https://www.nhm.ac.uk/discover/dino-directory/lycorhinus.html
170,pelicanimimus,carnivorous,Early Cretaceous 127-121 million years ago,Spain,small theropod,2.0m,Dinosauria Saurischia Theropoda Neotheropoda Tetanurae Avetheropoda Coelurosauria Tyrannoraptora Maniraptoriformes Ornithomimosauria,Pérez-Moreno Sanz Buscalioni Moratalla Ortega and Rasskin-Gutman (1994),polyodon,https://www.nhm.ac.uk/discover/dino-directory/pelicanimimus.html
171,edmontosaurus,herbivorous,Late Cretaceous 76-65 million years ago,Canada,euornithopod,13.0m,Dinosauria Ornithischia Genasauria Cerapoda Ornithopoda Euornithopoda Iguanadontia Euiguanadontia Dryomorpha Ankylopollexia Iguanodontoidea Hadrosauridae Euhadrosauria Hadrosaurinae,Lambe (1917),regalis,https://www.nhm.ac.uk/discover/dino-directory/edmontosaurus.html
172,leaellynasaura,herbivorous,Early Cretaceous 115-110 million years ago,Australia,euornithopod,2.0m,Dinosauria Ornithischia Genasauria Cerapoda Ornithopoda Euornithopoda,Rich and Rich (1989),amicagraphica,https://www.nhm.ac.uk/discover/dino-directory/leaellynasaura.html
173,camptosaurus,herbivorous,Late Jurassic 155-145 million years ago,USA,euornithopod,5.0m,Dinosauria Ornithischia Genasauria Cerapoda Ornithopoda Euornithopoda Iguanadontia Euiguanadontia Dryomorpha Ankylopollexia,Marsh (1885),dispar,https://www.nhm.ac.uk/discover/dino-directory/camptosaurus.html
174,oviraptor,omnivorous,Late Cretaceous 85-75 million years ago,Mongolia,small theropod,2.0m,Dinosauria Saurischia Theropoda Neotheropoda Tetanurae Avetheropoda Coelurosauria Tyrannoraptora Maniraptoriformes Maniraptora Oviraptorosauria Caenagnathoidea Oviraptoridae Oviraptorinae,Osborn (1924),philoceratops,https://www.nhm.ac.uk/discover/dino-directory/oviraptor.html
175,yunnanosaurus,omnivorous,Early Jurassic 205-190 million years ago,China,sauropod,7.0m,Dinosauria Saurischia Sauropodomorpha Prosauropoda Plateosauria,Young (1942),huangi,https://www.nhm.ac.uk/discover/dino-directory/yunnanosaurus.html
176,sinornithosaurus,carnivorous,Early Cretaceous 122-120 million years ago,China,small theropod,2.0m,Dinosauria Saurischia Theropoda Neotheropoda Tetanurae Avetheropoda Coelurosauria Tyrannoraptora Maniraptoriformes Maniraptora Paraves Eumaniraptora Dromaeosauridae,Xu Wang and Wu (1999),millenii,https://www.nhm.ac.uk/discover/dino-directory/sinornithosaurus.html
177,shantungosaurus,herbivorous,Late Cretaceous 78-74 million years ago,China,euornithopod,15.0m,Dinosauria Ornithischia Genasauria Cerapoda Ornithopoda Euornithopoda Iguanadontia Euiguanadontia Dryomorpha Ankylopollexia Iguanodontoidea Hadrosauridae Euhadrosauria Hadrosaurinae,Hu (1973),giganteus,https://www.nhm.ac.uk/discover/dino-directory/shantungosaurus.html
178,euhelopus,herbivorous,Late Jurassic 154-142 million years ago,China,sauropod,10.0m,Dinosauria Saurischia Sauropodomorpha Sauropoda Eusauropoda,Wiman (1929),zdanskyi,https://www.nhm.ac.uk/discover/dino-directory/euhelopus.html
179,procompsognathus,carnivorous,Late Triassic 221-210 million years ago,Germany,small theropod,1.0m,Dinosauria Saurischia Theropoda Neotheropoda Coelophysoidea,Fraas (1913),triassicus,https://www.nhm.ac.uk/discover/dino-directory/procompsognathus.html
180,brachiosaurus,herbivorous,Late Jurassic 155-140 million years ago,USA,sauropod,30.0m,Dinosauria Saurischia Sauropodomorpha Sauropoda Eusauropoda Neosauropoda Macronaria Camarasauromorpha Titanosauriformes Brachiosauridae,Riggs (1903),altithorax,https://www.nhm.ac.uk/discover/dino-directory/brachiosaurus.html
181,mamenchisaurus,herbivorous,Late Jurassic 155-145 million years ago,China,sauropod,22.0m,Dinosauria Saurischia Sauropodomorpha Sauropoda Eusauropoda,Young (1954),constructus,https://www.nhm.ac.uk/discover/dino-directory/mamenchisaurus.html
182,avaceratops,herbivorous,Late Cretaceous 80-75 million years ago,USA,ceratopsian,2.3m,Dinosauria Ornithischia Genasauria Cerapoda Marginocephalia Ceratopsia Neoceratopsia Coronosauria Ceratopsidae Centrosaurinae,Dodson (1986),lammersi,https://www.nhm.ac.uk/discover/dino-directory/avaceratops.html
183,yangchuanosaurus,carnivorous,Late Jurassic 160-144 million years ago,China,large theropod,10.0m,Dinosauria Saurischia Theropoda Neotheropoda Tetanurae Avetheropoda Carnosauria Allosauroidea Sinraptoridae,Dong Chang Li and Zhou (1978),shangyouensis,https://www.nhm.ac.uk/discover/dino-directory/yangchuanosaurus.html
184,hylaeosaurus,herbivorous,Early Cretaceous 150-135 million years ago,United Kingdom,armoured dinosaur,5.0m,Dinosauria Ornithischia Genasauria Thyreophora Ankylosauromorpha Ankylosauria,Mantell (1833),armatus,https://www.nhm.ac.uk/discover/dino-directory/hylaeosaurus.html
185,aucasaurus,carnivorous,Late Cretaceous 84-71 million years ago,Argentina,large theropod,5.0m,Dinosauria Saurischia Theropoda Neotheropoda Ceratosauria Neoceratosauria Abelisauroidea Abelisauria,Coria Chiappe and Dingus (2002),garridoi,https://www.nhm.ac.uk/discover/dino-directory/aucasaurus.html
186,dromaeosaurus,carnivorous,Late Cretaceous 76-74 million years ago,USA,small theropod,1.8m,Dinosauria Saurischia Theropoda Neotheropoda Tetanurae Avetheropoda Coelurosauria Tyrannoraptora Maniraptoriformes Maniraptora Paraves Eumaniraptora Dromaeosauridae,Matthew and Brown (1922),albertensis,https://www.nhm.ac.uk/discover/dino-directory/dromaeosaurus.html
187,sonidosaurus,herbivorous,Late Cretaceous 89-65 million years ago,China,sauropod,9.0m,Dinosauria Saurischia Sauropodomorpha Sauropoda Eusauropoda Neosauropoda Macronaria Camarasauromorpha Titanosauriformes Titanosauria,Xu Zhang Tan Zhao and Tan (2006),saihangaobiensis,https://www.nhm.ac.uk/discover/dino-directory/sonidosaurus.html
188,prenocephale,herbivorous,Late Cretaceous 80-65 million years ago,Mongolia,euornithopod,2.4m,Dinosauria Ornithischia Genasauria Cerapoda Marginocephalia Pachycephalosauria Goyocephala Homalocephaloidea Pachycephalosauridae,Maryańska and Osmólska (1974),prenes,https://www.nhm.ac.uk/discover/dino-directory/prenocephale.html
189,jaxartosaurus,herbivorous,Late Cretaceous 94-84 million years ago,Kazakhstan,euornithopod,9.0m,Dinosauria Ornithischia Genasauria Cerapoda Ornithopoda Euornithopoda Iguanadontia Euiguanadontia Dryomorpha Ankylopollexia Iguanodontoidea Hadrosauridae Euhadrosauria Lambeosaurinae,Riabinin (1939),aralensis,https://www.nhm.ac.uk/discover/dino-directory/jaxartosaurus.html
190,liaoceratops,herbivorous,Early Cretaceous 127-121 million years ago,China,ceratopsian,,Dinosauria Ornithischia Genasauria Cerapoda Marginocephalia Ceratopsia Neoceratopsia,Xu Makovicky Wang Norell and You (2002),yanzigouensis,https://www.nhm.ac.uk/discover/dino-directory/liaoceratops.html
191,jingshanosaurus,herbivorous,Early Jurassic 205-190 million years ago,China,sauropod,5.0m,Dinosauria Saurischia Sauropodomorpha Prosauropoda Plateosauria,Zhang and Yang (1995),xinwaensis,https://www.nhm.ac.uk/discover/dino-directory/jingshanosaurus.html
192,gryposaurus,herbivorous,Late Cretaceous 86-71 million years ago,USA,euornithopod,10.0m,Dinosauria Ornithischia Genasauria Cerapoda Ornithopoda Euornithopoda Iguanadontia Euiguanadontia Dryomorpha Ankylopollexia Iguanodontoidea Hadrosauridae Euhadrosauria Hadrosaurinae,Lambe (1914),notabilis,https://www.nhm.ac.uk/discover/dino-directory/gryposaurus.html
193,cetiosauriscus,herbivorous,Mid Jurassic 175-160 million years ago,United Kingdom,sauropod,15.0m,Dinosauria Saurischia Sauropodomorpha Sauropoda Eusauropoda Neosauropoda Diplodocoidea,von Huene (1927),stewarti,https://www.nhm.ac.uk/discover/dino-directory/cetiosauriscus.html
194,panoplosaurus,herbivorous,Late Cretaceous 79-75 million years ago,USA,armoured dinosaur,7.0m,Dinosauria Ornithischia Genasauria Thyreophora Ankylosauromorpha Ankylosauria Nodosauridae,Lambe (1919),mirus,https://www.nhm.ac.uk/discover/dino-directory/panoplosaurus.html
195,achillobator,carnivorous,Late Cretaceous 99-84 million years ago,Mongolia,large theropod,5.0m,Dinosauria Saurischia Theropoda Neotheropoda Tetanurae Avetheropoda Coelurosauria Tyrannoraptora Maniraptoriformes Maniraptora Paraves Eumaniraptora Dromaeosauridae,Perle Norell and Clark (1999),giganteus,https://www.nhm.ac.uk/discover/dino-directory/achillobator.html
196,chubutisaurus,herbivorous,Early Cretaceous 112-99 million years ago,Argentina,sauropod,23.0m,Dinosauria Saurischia Sauropodomorpha Sauropoda Eusauropoda Neosauropoda Macronaria Camarasauromorpha Titanosauriformes Titanosauria,Corro (1974),insignis,https://www.nhm.ac.uk/discover/dino-directory/chubutisaurus.html
197,saurornithoides,carnivorous,Late Cretaceous 85-80 million years ago,Mongolia,small theropod,3.0m,Dinosauria Saurischia Theropoda Neotheropoda Tetanurae Avetheropoda Coelurosauria Tyrannoraptora Maniraptoriformes Maniraptora Paraves Eumaniraptoria Troodontidae,Osborn (1924),mongoliensis,https://www.nhm.ac.uk/discover/dino-directory/saurornithoides.html
198,huayangosaurus,herbivorous,Mid Jurassic 170-160 million years ago,China,armoured dinosaur,4.5m,Dinosauria Ornithischia Genasauria Thyreophora Stegosauria Huayangosauridae,Dong Tang and Zhou (1982),taibaii,https://www.nhm.ac.uk/discover/dino-directory/huayangosaurus.html
199,minmi,herbivorous,Early Cretaceous 121-112 million years ago,Australia,armoured dinosaur,3.0m,Dinosauria Ornithischia Genasauria Thyreophora Ankylosauromorpha Ankylosauria,Molnar (1980),paravertebra,https://www.nhm.ac.uk/discover/dino-directory/minmi.html
200,ceratosaurus,carnivorous,Late Jurassic 153-148 million years ago,USA,large theropod,6.0m,Dinosauria Saurischia Theropoda Neotheropoda Ceratosauria Neoceratosauria,Marsh (1884),nasicornis,https://www.nhm.ac.uk/discover/dino-directory/ceratosaurus.html
201,stegoceras,herbivorous,Late Cretaceous 76-74 million years ago,USA,euornithopod,2.4m,Dinosauria Ornithischia Genasauria Cerapoda Marginocephalia Pachycephalosauria Goyocephala Homalocephaloidea Pachycephalosauridae,Lambe (1902),validum,https://www.nhm.ac.uk/discover/dino-directory/stegoceras.html
202,chirostenotes,omnivorous,Late Jurassic 79-67 million years ago,Canada,small theropod,1.7m,Dinosauria Saurischia Theropoda Neotheropoda Tetanurae Avetheropoda Coelurosauria Tyrannoraptora Maniraptoriformes Maniraptora Oviraptorosauria Caenagnathoidea Caenagnathidae,Gilmore (1924),pergracilis,https://www.nhm.ac.uk/discover/dino-directory/chirostenotes.html
203,monolophosaurus,carnivorous,Mid Jurassic 180-159 million years ago,China,large theropod,5.7m,Dinosauria Saurischia Theropoda Neotheropoda Tetanurae Avetheropoda Carnosauria,Zhao and Currie (1993),jiangi,https://www.nhm.ac.uk/discover/dino-directory/monolophosaurus.html
204,zephyrosaurus,herbivorous,Early Cretaceous 120-110 million years ago,USA,euornithopod,1.8m,Dinosauria Ornithischia Genasauria Cerapoda Ornithopoda Euornithopoda,Sues (1980),schaffi,https://www.nhm.ac.uk/discover/dino-directory/zephyrosaurus.html
205,nothronychus,omnivorous,Late Cretaceous 94-89 million years ago,USA,large theropod,5.3m,Dinosauria Saurischia Theropoda Neotheropoda Tetanurae Avetheropoda Coelurosauria Tyrannoraptora Maniraptoriformes Maniraptora Therizinosauroidea Therizinosauridae,Kirkland and Wolfe (2001),mckinleyi,https://www.nhm.ac.uk/discover/dino-directory/nothronychus.html
206,tuojiangosaurus,herbivorous,Late Jurassic 157-154 million years ago,China,armoured dinosaur,7.0m,Dinosauria Ornithischia Genasauria Thyreophora Stegosauria Stegosauridae Stegosaurinae,Dong Li Zhou and Zhang (1973),multispinus,https://www.nhm.ac.uk/discover/dino-directory/tuojiangosaurus.html
207,zalmoxes,herbivorous,Late Cretaceous 69 million years ago,Romania,euornithopod,3.0m,Dinosauria Ornithischia Genasauria Cerapoda Ornithopoda Euornithopoda Iguanadontia Rhabdodontidae,Nopcsa (1902),robustus,https://www.nhm.ac.uk/discover/dino-directory/zalmoxes.html
208,edmontonia,herbivorous,Late Cretaceous 76-74 million years ago,Canada,armoured dinosaur,4.0m,Dinosauria Ornithischia Genasauria Thyreophora Ankylosauromorpha Ankylosauria Nodosauridae,Sternberg (1928),longiceps,https://www.nhm.ac.uk/discover/dino-directory/edmontonia.html
209,triceratops,herbivorous,Late Cretaceous 68-66 million years ago,USA,ceratopsian,9.0m,Dinosauria Ornithischia Genasauria Cerapoda Marginocephalia Ceratopsia Neoceratopsia Coronosauria Ceratopsidae Chasmosaurinae,Marsh (1889),horridus,https://www.nhm.ac.uk/discover/dino-directory/triceratops.html
210,yingshanosaurus,herbivorous,Late Jurassic 159-142 million years ago,China,armoured dinosaur,,Dinosauria Ornithischia Genasauria Thyreophora Stegosauria,Watanabe (1992),jichuanensis,https://www.nhm.ac.uk/discover/dino-directory/yingshanosaurus.html
211,plateosaurus,herbivorous,Late Triassic 210 million years ago,Switzerland,sauropod,7.0m,Dinosauria Saurischia Sauropodomorpha Prosauropoda Plateosauria Plateosauridae,Meyer (1837),engelhardti,https://www.nhm.ac.uk/discover/dino-directory/plateosaurus.html
212,bagaceratops,herbivorous,Late Cretaceous 85-80 million years ago,Mongolia,ceratopsian,1.0m,Dinosauria Ornithischia Genasauria Cerapoda Marginocephalia Ceratopsia Neoceratopsia Bagaceratopsidae,Maryanska and Osmolska (1975),rozhdestvenskyi,https://www.nhm.ac.uk/discover/dino-directory/bagaceratops.html
213,gargoyleosaurus,herbivorous,Late Jurassic 154-142 million years ago,USA,armoured dinosaur,4.0m,Dinosauria Ornithischia Genasauria Thyreophora Ankylosauromorpha Ankylosauria,Carpenter Miles and Cloward (1998),parkpinorum,https://www.nhm.ac.uk/discover/dino-directory/gargoyleosaurus.html
214,avimimus,omnivorous,Late Cretaceous 80-75 million years ago,Mongolia,small theropod,1.5m,Dinosauria Saurischia Theropoda Neotheropoda Tetanurae Avetheropoda Coelurosauria Tyrannoraptora Maniraptoriformes Maniraptora Oviraptorosauria Avimimidae,Kurzanov (1981),portentosus,https://www.nhm.ac.uk/discover/dino-directory/avimimus.html
215,coelurus,carnivorous,Late Jurassic 155-145 million years ago,USA,small theropod,1.8m,Dinosauria Saurischia Theropoda Neotheropoda Tetanurae Avetheropoda Coelurosauria,Marsh (1879),fragilis,https://www.nhm.ac.uk/discover/dino-directory/coelurus.html
216,pantydraco,herbivorous,Early Jurassic,Wales,euornithopod,3.0m,Dinosauria Saurischia,Galton Yates and Kermack 2007 (2003),caducus,https://www.nhm.ac.uk/discover/dino-directory/pantydraco.html
217,patagosaurus,herbivorous,Mid Jurassic 164-159 million years ago,Argentina,sauropod,18.0m,Dinosauria Saurischia Sauropodomorpha Sauropoda Eusauropoda Cetiosauridae,Bonaparte (1979),fariasi,https://www.nhm.ac.uk/discover/dino-directory/patagosaurus.html
218,liliensternus,carnivorous,Late Triassic 205-202 million years ago,Germany,small theropod,5.0m,Dinosauria Saurischia Theropoda Neotheropoda,Huene (1934),liliensterni,https://www.nhm.ac.uk/discover/dino-directory/liliensternus.html
219,irritator,carnivorous,Early Cretaceous 112-99 million years ago,Brazil,large theropod,6.5m,Dinosauria Saurischia Theropoda Neotheropoda Tetanurae Spinosauroidea Spinosauridae Spinosaurinae,Martill Cruickshank Frey Small and Clarke (1996),challengeri,https://www.nhm.ac.uk/discover/dino-directory/irritator.html
220,hadrosaurus,herbivorous,Late Cretaceous 78-74 million years ago,USA,euornithopod,9.0m,Dinosauria Ornithischia Genasauria Cerapoda Ornithopoda Euornithopoda Iguanadontia Euiguanadontia Dryomorpha Ankylopollexia Iguanodontoidea Hadrosauridae Euhadrosauria Hadrosaurinae,Leidy (1858),foulkii,https://www.nhm.ac.uk/discover/dino-directory/hadrosaurus.html
221,equijubus,herbivorous,Early Cretaceous 127-99 million years ago,China,euornithopod,,Dinosauria Ornithischia Genasauria Cerapoda Ornithopoda Euornithopoda Iguanadontia Euiguanadontia Dryomorpha Ankylopollexia Iguanodontoidea,You Luo Shubin Witmer Tang and Tang (2003),normani,https://www.nhm.ac.uk/discover/dino-directory/equijubus.html
222,gastonia,herbivorous,Early Cretaceous 142-127 million years ago,USA,armoured dinosaur,4.6m,Dinosauria Ornithischia Genasauria Thyreophora Ankylosauromorpha Ankylosauria,Kirkland (1998),burgei,https://www.nhm.ac.uk/discover/dino-directory/gastonia.html
223,sinocalliopteryx,carnivorous,Early Cretaceous 125 million years ago,China,small theropod,2.37m,Dinosauria Saurischia,Ji Ji Lü and Yuan (2007),gigas,https://www.nhm.ac.uk/discover/dino-directory/sinocalliopteryx.html
224,shanag,carnivorous,Early Cretaceous 126-142 million years ago,Mongolia,small theropod,0.45m,Dinosauria Saurischia,Turner Hwang and Norell (2007),ashile,https://www.nhm.ac.uk/discover/dino-directory/shanag.html
225,heterodontosaurus,herbivorous,Early Jurassic 205 million years ago,South Africa,euornithopod,1.2m,Dinosauria Ornithischia Genasauria Cerapoda Heterodontosauridae,Crompton and Charig (1962),tucki,https://www.nhm.ac.uk/discover/dino-directory/heterodontosaurus.html
226,omeisaurus,herbivorous,Mid Jurassic 169-159 million years ago,China,sauropod,20.0m,Dinosauria Saurischia Sauropodomorpha Sauropoda Eusauropoda,Young (1939),junghsiensis,https://www.nhm.ac.uk/discover/dino-directory/omeisaurus.html
227,supersaurus,herbivorous,Early Cretaceous 154-142 million years ago,USA,sauropod,35.0m,Dinosauria Saurischia Sauropodomorpha Sauropoda Eusauropoda Neosauropoda Diplodocoidea Diplodocidae,Jansen (1985),vivianae,https://www.nhm.ac.uk/discover/dino-directory/supersaurus.html
228,brachylophosaurus,herbivorous,Late Cretaceous 89-88 million years ago,USA,euornithopod,7.0m,Dinosauria Ornithischia Genasauria Cerapoda Ornithopoda Euornithopoda Iguanadontia Euiguanadontia Dryomorpha Ankylopollexia Iguanodontoidea Hadrosauridae Euhadrosauria Hadrosaurinae,C. M. Sternberg (1953),canadensis,https://www.nhm.ac.uk/discover/dino-directory/brachylophosaurus.html
229,suchomimus,carnivorous,Early Cretaceous 121-112 million years ago,Niger,large theropod,11.0m,Dinosauria Saurischia Theropoda Neotheropoda Tetanurae Spinosauroidea Spinosauridae Baryonychinae,Sereno Beck Dutheil Gado Larsson Lyon Marcot Rauhut Sadleir Sidor Varricchio Wilson and Wilson (1998),tenerensis,https://www.nhm.ac.uk/discover/dino-directory/suchomimus.html
230,agilisaurus,herbivorous,Late Jurassic 169-159 million years ago,China,euornithopod,1.5m,Dinosauria Ornithischia Genasauria Cerapoda Ornithopoda Euornithopoda,Peng (1990),louderbacki,https://www.nhm.ac.uk/discover/dino-directory/agilisaurus.html
231,tenontosaurus,herbivorous,Early Cretaceous 120-110 million years ago,USA,euornithopod,7.0m,Dinosauria Ornithischia Genasauria Cerapoda Ornithopoda Euornithopoda Iguanadontia,Ostrom (1970),tillettorum,https://www.nhm.ac.uk/discover/dino-directory/tenontosaurus.html
232,austrosaurus,herbivorous,Early Cretaceous 112-99 million years ago,Australia,sauropod,15.0m,Dinosauria Saurischia Sauropodomorpha Sauropoda Eusauropoda Neosauropoda Macronaria Camarasauromorpha Titanosauriformes Titanosauria,Longman (1933),mckillopi,https://www.nhm.ac.uk/discover/dino-directory/austrosaurus.html
233,dubreuillosaurus,carnivorous,Late Jurassic 169-164 million years ago,France,large theropod,,Dinosauria Saurischia Theropoda Neotheropoda Tetanurae Spinosauroidea Megalosauridae Eustreptospondylinae,Allain (2005),valesdunensis,https://www.nhm.ac.uk/discover/dino-directory/dubreuillosaurus.html
234,lambeosaurus,herbivorous,Late Cretaceous 76-74 million years ago,Canada,euornithopod,9.0m,Dinosauria Ornithischia Genasauria Cerapoda Ornithopoda Euornithopoda Iguanadontia Euiguanadontia Dryomorpha Ankylopollexia Iguanodontoidea Hadrosauridae Euhadrosauria Lambeosaurinae,Parks (1923),lambei,https://www.nhm.ac.uk/discover/dino-directory/lambeosaurus.html
235,nemegtosaurus,herbivorous,Late Cretaceous 72-68 million years ago,Mongolia,sauropod,13.0m,Dinosauria Saurischia Sauropodomorpha Sauropoda Eusauropoda Neosauropoda Diplodocoidea Nemegtosauridae,Nowinski (1971),mongoliensis,https://www.nhm.ac.uk/discover/dino-directory/nemegtosaurus.html
236,maxakalisaurus,herbivorous,Late Cretaceous 80 million years ago,Brazil,sauropod,13.0m,Dinosauria Saurischia Sauropodomorpha Sauropoda Eusauropoda Neosauropoda Macronaria Camarasauromorpha Titanosauriformes Titanosauria Lithostrotia Saltasauridae Saltasaurinae,Kellner et al. (2006),topai,https://www.nhm.ac.uk/discover/dino-directory/maxakalisaurus.html
237,torvosaurus,carnivorous,Late Jurassic 155-144 million years ago,USA,large theropod,10.0m,Dinosauria Saurischia Theropoda Neotheropoda Tetanurae Spinosauroidea Megalosauridae Megalosaurinae,Galton and Jensen (1979),tanneri,https://www.nhm.ac.uk/discover/dino-directory/torvosaurus.html
238,gobisaurus,herbivorous,Early Cretaceous 121-99 million years ago,China,armoured dinosaur,5.0m,Dinosauria Ornithischia Genasauria Thyreophora Ankylosauromorpha Ankylosauria Ankylosauridae,Vickaryous Russell Currie and Zhao (2001),domoculus,https://www.nhm.ac.uk/discover/dino-directory/gobisaurus.html
239,lurdusaurus,herbivorous,Early Cretaceous 121-112 million years ago,Niger,euornithopod,9.0m,Dinosauria Ornithischia Genasauria Cerapoda Ornithopoda Euornithopoda Iguanadontia Euiguanadontia Dryomorpha Ankylopollexia Iguanodontoidea,Taquet &amp; Russell (1999),arenatus,https://www.nhm.ac.uk/discover/dino-directory/lurdusaurus.html
240,mussaurus,herbivorous,Late Triassic 221-210 million years ago,Argentina,sauropod,3.0m,Dinosauria Saurischia Sauropodomorpha Prosauropoda Plateosauria Plateosauridae,Bonaparte and Vince (1979),patagonicus,https://www.nhm.ac.uk/discover/dino-directory/mussaurus.html
241,alioramus,carnivorous,Late Cretaceous 71-65 million years ago,Mongolia,large theropod,6.0m,Dinosauria Saurischia Theropoda Neotheropoda Tetanurae Avetheropoda Coelurosauria Tyrannoraptora Tyrannosauroidea,Kurzanov (1976),remotus,https://www.nhm.ac.uk/discover/dino-directory/alioramus.html
242,shamosaurus,herbivorous,Early Cretaceous 121-99 million years ago,Mongolia,armoured dinosaur,,Dinosauria Ornithischia Genasauria Thyreophora Ankylosauromorpha Ankylosauria Ankylosauridae,Tumanova (1983),scutatus,https://www.nhm.ac.uk/discover/dino-directory/shamosaurus.html
243,atlascopcosaurus,herbivorous,Early Cretaceous 121-97 million years ago,Australia,euornithopod,3.0m,Dinosauria Ornithischia Genasauria Cerapoda Ornithopoda Euornithopoda,Rich and Rich (1989),loadsi,https://www.nhm.ac.uk/discover/dino-directory/atlascopcosaurus.html
244,microraptor,carnivorous,Early Cretaceous 125-122 million years ago,China,small theropod,0.8m,Dinosauria Saurischia Theropoda Neotheropoda Tetanurae Avetheropoda Coelurosauria Tyrannoraptora Maniraptoriformes Maniraptora Paraves Eumaniraptora Dromaeosauridae,Xu Zhou and Wang (2000),zhaoianus,https://www.nhm.ac.uk/discover/dino-directory/microraptor.html
245,carnotaurus,carnivorous,Late Cretaceous 70 million years ago,Argentina,large theropod,7.6m,Dinosauria Saurischia Theropoda Neotheropoda Ceratosauria Neoceratosauria Abelisauridae,Bonaparte (1985),sastrei,https://www.nhm.ac.uk/discover/dino-directory/carnotaurus.html
246,melanorosaurus,omnivorous,Late Triassic 227-221 million years ago,South Africa,sauropod,12.0m,Dinosauria Saurischia Sauropodomorpha Prosauropoda Anchisauria Melanorosauridae,Haughton (1924),readi,https://www.nhm.ac.uk/discover/dino-directory/melanorosaurus.html
